{"policy_loss": 0.09567562490701675, "value_loss": 3.6337136407382786e-05, "entropy": 2.695690631866455, "_timestamp": 1757103155.7796102, "_runtime": 37.038090229034424, "_step": 1, "update": 0}